[Header],,,,,,,,,
IEMFileVersion,4,,,,,,,,
Experiment Name,Glc-Tso,,,,,,,,
Date,10-10-2019,,,,,,,,
Workflow,GenerateFASTQ,,,,,,,,
Application,NextSeq FASTQ Only,,,,,,,,
Assay,TruSight Enrichment,,,,,,,,
Description,"{""Glc"":{""Expected_Percent_Indexed_Reads"":25.0},""Tso"":{""Expected_Percent_Indexed_Reads"":25.0}}",,,,,,,,
Chemistry,Amplicon,,,,,,,,
,,,,,,,,,
[Reads],,,,,,,,,
151,,,,,,,,,
151,,,,,,,,,
,,,,,,,,,
[Settings],,,,,,,,,
ReverseComplement,0,,,,,,,,
Adapter,CTGTCTCTTATACACATCT,,,,,,,,
,,,,,,,,,
[Data],,,,,,,,,
Sample_ID,Sample_Name,Sample_Plate,Sample_Well,I7_Index_ID,index,I5_Index_ID,index2,Sample_Project,Description
CNTRL-0000071-PROD-0000000,CNTRL-0000071-PROD-0000000,,,N711,AAGAGGCA,E507,TACTCCTT,,"{""panelCode"":""Tso"",""poolID"":""PoolLib-300C"",""type"":""VAL""}"
CNTRL-0000071-PROD-0020020,CNTRL-0000071-PROD-0020020,,,N712,GTAGAGGA,E502,ATAGAGAG,,"{""panelCode"":""Glc"",""poolID"":""PoolLib-297"",""type"":""PROD""}"
CNTRL-0000071-PROD-0020073,CNTRL-0000071-PROD-0020073,,,N705,GGACTCCT,E501,GCGATCTA,,"{""panelCode"":""Tso"",""poolID"":""PoolLib-300C"",""type"":""PROD""}"
XXXX-2018-5447-PROD-0000000,XXXX-2018-5447-PROD-0000000,,,N707,CTCTCTAC,E507,TACTCCTT,,"{""panelCode"":""Tso"",""poolID"":""PoolLib-300C"",""type"":""VAL""}"
XXXX-2018-5565-PROD-0000000,XXXX-2018-5565-PROD-0000000,,,N706,TAGGCATG,E507,TACTCCTT,,"{""panelCode"":""Tso"",""poolID"":""PoolLib-300C"",""type"":""VAL""}"
XXXX-2018-7709-PROD-0000000,XXXX-2018-7709-PROD-0000000,,,N702,CGTACTAG,E507,TACTCCTT,,"{""panelCode"":""Tso"",""poolID"":""PoolLib-300C"",""type"":""VAL""}"
XXXX-2018-7852-PROD-0000000,XXXX-2018-7852-PROD-0000000,,,N701,TAAGGCGA,E507,TACTCCTT,,"{""panelCode"":""Tso"",""poolID"":""PoolLib-300C"",""type"":""VAL""}"
XXXX-2019-11355-PROD-0000000,XXXX-2019-11355-PROD-0000000,,,N710,CGAGGCTG,E507,TACTCCTT,,"{""panelCode"":""Tso"",""poolID"":""PoolLib-300C"",""type"":""VAL""}"
XXXX-2019-12601-PROD-0000000,XXXX-2019-12601-PROD-0000000,,,N703,AGGCAGAA,E507,TACTCCTT,,"{""panelCode"":""Tso"",""poolID"":""PoolLib-300C"",""type"":""VAL""}"
XXXX-2019-9661-PROD-0000000,XXXX-2019-9661-PROD-0000000,,,N708,CAGAGAGG,E507,TACTCCTT,,"{""panelCode"":""Tso"",""poolID"":""PoolLib-300C"",""type"":""VAL""}"
XXXX-2019-9821-PROD-0000000,XXXX-2019-9821-PROD-0000000,,,N705,GGACTCCT,E507,TACTCCTT,,"{""panelCode"":""Tso"",""poolID"":""PoolLib-300C"",""type"":""VAL""}"
XXXX-2019-18965-PROD-0020045,XXXX-2019-18965-PROD-0020045,,,N701,TAAGGCGA,E506,TATGCAGT,,"{""panelCode"":""Glc"",""poolID"":""PoolLib-299"",""type"":""PROD""}"
XXXX-2019-19710-PROD-0020069,XXXX-2019-19710-PROD-0020069,,,N701,TAAGGCGA,E501,GCGATCTA,,"{""panelCode"":""Tso"",""poolID"":""PoolLib-300C"",""type"":""PROD""}"
XXXX-2019-19727-PROD-0020063,XXXX-2019-19727-PROD-0020063,,,N707,CTCTCTAC,E508,AGGCTTAG,,"{""panelCode"":""Glc"",""poolID"":""PoolLib-299"",""type"":""PROD""}"
XXXX-2019-19744-PROD-0020070,XXXX-2019-19744-PROD-0020070,,,N702,CGTACTAG,E501,GCGATCTA,,"{""panelCode"":""Tso"",""poolID"":""PoolLib-300C"",""type"":""PROD""}"
XXXX-2019-19763-PROD-0020009,XXXX-2019-19763-PROD-0020009,,,N701,TAAGGCGA,E502,ATAGAGAG,,"{""panelCode"":""Glc"",""poolID"":""PoolLib-297"",""type"":""PROD""}"
XXXX-2019-19792-PROD-0020013,XXXX-2019-19792-PROD-0020013,,,N705,GGACTCCT,E502,ATAGAGAG,,"{""panelCode"":""Glc"",""poolID"":""PoolLib-297"",""type"":""PROD""}"
XXXX-2019-19793-PROD-0020012,XXXX-2019-19793-PROD-0020012,,,N704,TCCTGAGC,E502,ATAGAGAG,,"{""panelCode"":""Glc"",""poolID"":""PoolLib-297"",""type"":""PROD""}"
XXXX-2019-19794-PROD-0020016,XXXX-2019-19794-PROD-0020016,,,N708,CAGAGAGG,E502,ATAGAGAG,,"{""panelCode"":""Glc"",""poolID"":""PoolLib-297"",""type"":""PROD""}"
XXXX-2019-19795-PROD-0020017,XXXX-2019-19795-PROD-0020017,,,N709,GCTACGCT,E502,ATAGAGAG,,"{""panelCode"":""Glc"",""poolID"":""PoolLib-297"",""type"":""PROD""}"
XXXX-2019-19796-PROD-0020005,XXXX-2019-19796-PROD-0020005,,,N709,GCTACGCT,E505,CTCCTTAC,,"{""panelCode"":""Glc"",""poolID"":""PoolLib-297"",""type"":""PROD""}"
XXXX-2019-19863-PROD-0020007,XXXX-2019-19863-PROD-0020007,,,N711,AAGAGGCA,E505,CTCCTTAC,,"{""panelCode"":""Glc"",""poolID"":""PoolLib-297"",""type"":""PROD""}"
XXXX-2019-19866-PROD-0020014,XXXX-2019-19866-PROD-0020014,,,N706,TAGGCATG,E502,ATAGAGAG,,"{""panelCode"":""Glc"",""poolID"":""PoolLib-297"",""type"":""PROD""}"
XXXX-2019-19867-PROD-0020003,XXXX-2019-19867-PROD-0020003,,,N707,CTCTCTAC,E505,CTCCTTAC,,"{""panelCode"":""Glc"",""poolID"":""PoolLib-297"",""type"":""PROD""}"
XXXX-2019-19868-PROD-0020004,XXXX-2019-19868-PROD-0020004,,,N708,CAGAGAGG,E505,CTCCTTAC,,"{""panelCode"":""Glc"",""poolID"":""PoolLib-297"",""type"":""PROD""}"
XXXX-2019-19873-PROD-0020038,XXXX-2019-19873-PROD-0020038,,,N706,TAGGCATG,E504,TCTACTCT,,"{""panelCode"":""Glc"",""poolID"":""PoolLib-298"",""type"":""PROD""}"
XXXX-2019-19875-PROD-0020015,XXXX-2019-19875-PROD-0020015,,,N707,CTCTCTAC,E502,ATAGAGAG,,"{""panelCode"":""Glc"",""poolID"":""PoolLib-297"",""type"":""PROD""}"
XXXX-2019-19876-PROD-0020006,XXXX-2019-19876-PROD-0020006,,,N710,CGAGGCTG,E505,CTCCTTAC,,"{""panelCode"":""Glc"",""poolID"":""PoolLib-297"",""type"":""PROD""}"
XXXX-2019-19893-PROD-0020008,XXXX-2019-19893-PROD-0020008,,,N712,GTAGAGGA,E505,CTCCTTAC,,"{""panelCode"":""Glc"",""poolID"":""PoolLib-297"",""type"":""PROD""}"
XXXX-2019-19894-PROD-0020018,XXXX-2019-19894-PROD-0020018,,,N710,CGAGGCTG,E502,ATAGAGAG,,"{""panelCode"":""Glc"",""poolID"":""PoolLib-297"",""type"":""PROD""}"
XXXX-2019-19895-PROD-0020019,XXXX-2019-19895-PROD-0020019,,,N711,AAGAGGCA,E502,ATAGAGAG,,"{""panelCode"":""Glc"",""poolID"":""PoolLib-297"",""type"":""PROD""}"
XXXX-2019-19900-PROD-0020010,XXXX-2019-19900-PROD-0020010,,,N702,CGTACTAG,E502,ATAGAGAG,,"{""panelCode"":""Glc"",""poolID"":""PoolLib-297"",""type"":""PROD""}"
XXXX-2019-19903-PROD-0020011,XXXX-2019-19903-PROD-0020011,,,N703,AGGCAGAA,E502,ATAGAGAG,,"{""panelCode"":""Glc"",""poolID"":""PoolLib-297"",""type"":""PROD""}"
XXXX-2019-19906-PROD-0019997,XXXX-2019-19906-PROD-0019997,,,N701,TAAGGCGA,E505,CTCCTTAC,,"{""panelCode"":""Glc"",""poolID"":""PoolLib-297"",""type"":""PROD""}"
XXXX-2019-19907-PROD-0020025,XXXX-2019-19907-PROD-0020025,,,N705,GGACTCCT,E503,AGAGGATA,,"{""panelCode"":""Glc"",""poolID"":""PoolLib-298"",""type"":""PROD""}"
XXXX-2019-19908-PROD-0020026,XXXX-2019-19908-PROD-0020026,,,N706,TAGGCATG,E503,AGAGGATA,,"{""panelCode"":""Glc"",""poolID"":""PoolLib-298"",""type"":""PROD""}"
XXXX-2019-19910-PROD-0020000,XXXX-2019-19910-PROD-0020000,,,N704,TCCTGAGC,E505,CTCCTTAC,,"{""panelCode"":""Glc"",""poolID"":""PoolLib-297"",""type"":""PROD""}"
XXXX-2019-19911-PROD-0020001,XXXX-2019-19911-PROD-0020001,,,N705,GGACTCCT,E505,CTCCTTAC,,"{""panelCode"":""Glc"",""poolID"":""PoolLib-297"",""type"":""PROD""}"
XXXX-2019-19912-PROD-0019999,XXXX-2019-19912-PROD-0019999,,,N703,AGGCAGAA,E505,CTCCTTAC,,"{""panelCode"":""Glc"",""poolID"":""PoolLib-297"",""type"":""PROD""}"
XXXX-2019-19922-PROD-0020031,XXXX-2019-19922-PROD-0020031,,,N711,AAGAGGCA,E503,AGAGGATA,,"{""panelCode"":""Glc"",""poolID"":""PoolLib-298"",""type"":""PROD""}"
XXXX-2019-19923-PROD-0020024,XXXX-2019-19923-PROD-0020024,,,N704,TCCTGAGC,E503,AGAGGATA,,"{""panelCode"":""Glc"",""poolID"":""PoolLib-298"",""type"":""PROD""}"
XXXX-2019-19924-PROD-0020023,XXXX-2019-19924-PROD-0020023,,,N703,AGGCAGAA,E503,AGAGGATA,,"{""panelCode"":""Glc"",""poolID"":""PoolLib-298"",""type"":""PROD""}"
XXXX-2019-19926-PROD-0020030,XXXX-2019-19926-PROD-0020030,,,N710,CGAGGCTG,E503,AGAGGATA,,"{""panelCode"":""Glc"",""poolID"":""PoolLib-298"",""type"":""PROD""}"
XXXX-2019-19932-PROD-0020034,XXXX-2019-19932-PROD-0020034,,,N702,CGTACTAG,E504,TCTACTCT,,"{""panelCode"":""Glc"",""poolID"":""PoolLib-298"",""type"":""PROD""}"
XXXX-2019-19933-PROD-0020033,XXXX-2019-19933-PROD-0020033,,,N701,TAAGGCGA,E504,TCTACTCT,,"{""panelCode"":""Glc"",""poolID"":""PoolLib-298"",""type"":""PROD""}"
XXXX-2019-19934-PROD-0020032,XXXX-2019-19934-PROD-0020032,,,N712,GTAGAGGA,E503,AGAGGATA,,"{""panelCode"":""Glc"",""poolID"":""PoolLib-298"",""type"":""PROD""}"
XXXX-2019-19935-PROD-0020035,XXXX-2019-19935-PROD-0020035,,,N703,AGGCAGAA,E504,TCTACTCT,,"{""panelCode"":""Glc"",""poolID"":""PoolLib-298"",""type"":""PROD""}"
XXXX-2019-19949-PROD-0020029,XXXX-2019-19949-PROD-0020029,,,N709,GCTACGCT,E503,AGAGGATA,,"{""panelCode"":""Glc"",""poolID"":""PoolLib-298"",""type"":""PROD""}"
XXXX-2019-19950-PROD-0020028,XXXX-2019-19950-PROD-0020028,,,N708,CAGAGAGG,E503,AGAGGATA,,"{""panelCode"":""Glc"",""poolID"":""PoolLib-298"",""type"":""PROD""}"
XXXX-2019-19964-PROD-0020021,XXXX-2019-19964-PROD-0020021,,,N701,TAAGGCGA,E503,AGAGGATA,,"{""panelCode"":""Glc"",""poolID"":""PoolLib-298"",""type"":""PROD""}"
XXXX-2019-19965-PROD-0020022,XXXX-2019-19965-PROD-0020022,,,N702,CGTACTAG,E503,AGAGGATA,,"{""panelCode"":""Glc"",""poolID"":""PoolLib-298"",""type"":""PROD""}"
XXXX-2019-19966-PROD-0019998,XXXX-2019-19966-PROD-0019998,,,N702,CGTACTAG,E505,CTCCTTAC,,"{""panelCode"":""Glc"",""poolID"":""PoolLib-297"",""type"":""PROD""}"
XXXX-2019-20060-PROD-0020050,XXXX-2019-20060-PROD-0020050,,,N706,TAGGCATG,E506,TATGCAGT,,"{""panelCode"":""Glc"",""poolID"":""PoolLib-299"",""type"":""PROD""}"
XXXX-2019-20061-PROD-0020051,XXXX-2019-20061-PROD-0020051,,,N707,CTCTCTAC,E506,TATGCAGT,,"{""panelCode"":""Glc"",""poolID"":""PoolLib-299"",""type"":""PROD""}"
XXXX-2019-20064-PROD-0020052,XXXX-2019-20064-PROD-0020052,,,N708,CAGAGAGG,E506,TATGCAGT,,"{""panelCode"":""Glc"",""poolID"":""PoolLib-299"",""type"":""PROD""}"
XXXX-2019-20065-PROD-0020053,XXXX-2019-20065-PROD-0020053,,,N709,GCTACGCT,E506,TATGCAGT,,"{""panelCode"":""Glc"",""poolID"":""PoolLib-299"",""type"":""PROD""}"
XXXX-2019-20067-PROD-0020027,XXXX-2019-20067-PROD-0020027,,,N707,CTCTCTAC,E503,AGAGGATA,,"{""panelCode"":""Glc"",""poolID"":""PoolLib-298"",""type"":""PROD""}"
XXXX-2019-20068-PROD-0020036,XXXX-2019-20068-PROD-0020036,,,N704,TCCTGAGC,E504,TCTACTCT,,"{""panelCode"":""Glc"",""poolID"":""PoolLib-298"",""type"":""PROD""}"
XXXX-2019-20069-PROD-0020037,XXXX-2019-20069-PROD-0020037,,,N705,GGACTCCT,E504,TCTACTCT,,"{""panelCode"":""Glc"",""poolID"":""PoolLib-298"",""type"":""PROD""}"
XXXX-2019-20070-PROD-0020043,XXXX-2019-20070-PROD-0020043,,,N711,AAGAGGCA,E504,TCTACTCT,,"{""panelCode"":""Glc"",""poolID"":""PoolLib-298"",""type"":""PROD""}"
XXXX-2019-20071-PROD-0020039,XXXX-2019-20071-PROD-0020039,,,N707,CTCTCTAC,E504,TCTACTCT,,"{""panelCode"":""Glc"",""poolID"":""PoolLib-298"",""type"":""PROD""}"
XXXX-2019-20072-PROD-0020042,XXXX-2019-20072-PROD-0020042,,,N710,CGAGGCTG,E504,TCTACTCT,,"{""panelCode"":""Glc"",""poolID"":""PoolLib-298"",""type"":""PROD""}"
XXXX-2019-20073-PROD-0020041,XXXX-2019-20073-PROD-0020041,,,N709,GCTACGCT,E504,TCTACTCT,,"{""panelCode"":""Glc"",""poolID"":""PoolLib-298"",""type"":""PROD""}"
XXXX-2019-20074-PROD-0020040,XXXX-2019-20074-PROD-0020040,,,N708,CAGAGAGG,E504,TCTACTCT,,"{""panelCode"":""Glc"",""poolID"":""PoolLib-298"",""type"":""PROD""}"
XXXX-2019-20077-PROD-0020044,XXXX-2019-20077-PROD-0020044,,,N712,GTAGAGGA,E504,TCTACTCT,,"{""panelCode"":""Glc"",""poolID"":""PoolLib-298"",""type"":""PROD""}"
XXXX-2019-20125-PROD-0020054,XXXX-2019-20125-PROD-0020054,,,N710,CGAGGCTG,E506,TATGCAGT,,"{""panelCode"":""Glc"",""poolID"":""PoolLib-299"",""type"":""PROD""}"
XXXX-2019-20126-PROD-0020055,XXXX-2019-20126-PROD-0020055,,,N711,AAGAGGCA,E506,TATGCAGT,,"{""panelCode"":""Glc"",""poolID"":""PoolLib-299"",""type"":""PROD""}"
XXXX-2019-20127-PROD-0020056,XXXX-2019-20127-PROD-0020056,,,N712,GTAGAGGA,E506,TATGCAGT,,"{""panelCode"":""Glc"",""poolID"":""PoolLib-299"",""type"":""PROD""}"
XXXX-2019-20128-PROD-0020064,XXXX-2019-20128-PROD-0020064,,,N708,CAGAGAGG,E508,AGGCTTAG,,"{""panelCode"":""Glc"",""poolID"":""PoolLib-299"",""type"":""PROD""}"
XXXX-2019-20133-PROD-0020065,XXXX-2019-20133-PROD-0020065,,,N709,GCTACGCT,E508,AGGCTTAG,,"{""panelCode"":""Glc"",""poolID"":""PoolLib-299"",""type"":""PROD""}"
XXXX-2019-20136-PROD-0020066,XXXX-2019-20136-PROD-0020066,,,N710,CGAGGCTG,E508,AGGCTTAG,,"{""panelCode"":""Glc"",""poolID"":""PoolLib-299"",""type"":""PROD""}"
XXXX-2019-20139-PROD-0020057,XXXX-2019-20139-PROD-0020057,,,N701,TAAGGCGA,E508,AGGCTTAG,,"{""panelCode"":""Glc"",""poolID"":""PoolLib-299"",""type"":""PROD""}"
XXXX-2019-20149-PROD-0020067,XXXX-2019-20149-PROD-0020067,,,N711,AAGAGGCA,E508,AGGCTTAG,,"{""panelCode"":""Glc"",""poolID"":""PoolLib-299"",""type"":""PROD""}"
XXXX-2019-20150-PROD-0020058,XXXX-2019-20150-PROD-0020058,,,N702,CGTACTAG,E508,AGGCTTAG,,"{""panelCode"":""Glc"",""poolID"":""PoolLib-299"",""type"":""PROD""}"
XXXX-2019-20169-PROD-0020059,XXXX-2019-20169-PROD-0020059,,,N703,AGGCAGAA,E508,AGGCTTAG,,"{""panelCode"":""Glc"",""poolID"":""PoolLib-299"",""type"":""PROD""}"
XXXX-2019-20171-PROD-0020002,XXXX-2019-20171-PROD-0020002,,,N706,TAGGCATG,E505,CTCCTTAC,,"{""panelCode"":""Glc"",""poolID"":""PoolLib-297"",""type"":""PROD""}"
XXXX-2019-20189-PROD-0020071,XXXX-2019-20189-PROD-0020071,,,N703,AGGCAGAA,E501,GCGATCTA,,"{""panelCode"":""Tso"",""poolID"":""PoolLib-300C"",""type"":""PROD""}"
XXXX-2019-20215-PROD-0020060,XXXX-2019-20215-PROD-0020060,,,N704,TCCTGAGC,E508,AGGCTTAG,,"{""panelCode"":""Glc"",""poolID"":""PoolLib-299"",""type"":""PROD""}"
XXXX-2019-20216-PROD-0020061,XXXX-2019-20216-PROD-0020061,,,N705,GGACTCCT,E508,AGGCTTAG,,"{""panelCode"":""Glc"",""poolID"":""PoolLib-299"",""type"":""PROD""}"
XXXX-2019-20219-PROD-0020047,XXXX-2019-20219-PROD-0020047,,,N703,AGGCAGAA,E506,TATGCAGT,,"{""panelCode"":""Glc"",""poolID"":""PoolLib-299"",""type"":""PROD""}"
XXXX-2019-20221-PROD-0020048,XXXX-2019-20221-PROD-0020048,,,N704,TCCTGAGC,E506,TATGCAGT,,"{""panelCode"":""Glc"",""poolID"":""PoolLib-299"",""type"":""PROD""}"
XXXX-2019-20223-PROD-0020049,XXXX-2019-20223-PROD-0020049,,,N705,GGACTCCT,E506,TATGCAGT,,"{""panelCode"":""Glc"",""poolID"":""PoolLib-299"",""type"":""PROD""}"
XXXX-2019-20225-PROD-0020062,XXXX-2019-20225-PROD-0020062,,,N706,TAGGCATG,E508,AGGCTTAG,,"{""panelCode"":""Glc"",""poolID"":""PoolLib-299"",""type"":""PROD""}"
XXXX-2019-20274-PROD-0020046,XXXX-2019-20274-PROD-0020046,,,N702,CGTACTAG,E506,TATGCAGT,,"{""panelCode"":""Glc"",""poolID"":""PoolLib-299"",""type"":""PROD""}"
XXXX-2019-20322-PROD-0020072,XXXX-2019-20322-PROD-0020072,,,N704,TCCTGAGC,E501,GCGATCTA,,"{""panelCode"":""Tso"",""poolID"":""PoolLib-300C"",""type"":""PROD""}"
XXXX-2019-20335-PROD-0020068,XXXX-2019-20335-PROD-0020068,,,N712,GTAGAGGA,E508,AGGCTTAG,,"{""panelCode"":""Glc"",""poolID"":""PoolLib-299"",""type"":""PROD""}"
